scenario_id;iso_foot_pickup_time;pickup_foot_size;iso_car_pickup_time;pickup_car_size;iso_foot_dropoff_time;dropoff_foot_size;iso_car_dropoff_time;dropoff_car_size;psi_pickup_time;psi_pickup_size;psi_dropoff_time;psi_dropoff_size;path_computing_time;shared_path_size;path_ordering_foot_time;path_ordering_car_time;cd_total_cost;cc_total_cost;ecart_cost;diff_cost;cd_total_cost;ccl_total_cost;ecart_cost_2;diff_cost_2;ecart_distance_pickup (meters);ecart_distance_dropoff (meters);ecart_distance_pickup_2 (meters);ecart_distance_dropoff_2 (meters);cd_len1;cd_len2;cd_len3;cd_len4;cd_len5;cc_len1;cc_len2;cc_len3;cc_len4;cc_len5;ccl_len1;ccl_len2;ccl_len3;ccl_len4;ccl_len5;foot1;car1;foot2;car2;cd_waiting_time;cc_waiting_time;ecart_waiting_time;cd_waiting_time;ccl_waiting_time;ecart_waiting_time_2;cc_runtime;ccl_runtime
10;0.000511884689331;70;0.00601005554199;7258;0.000521183013916;48;0.00161480903625;2409;44.0724201202;38;10.3772630692;29;1.50362491608;1073;0.00395083427429;0.666213989258;2983;2883;100;100;2983;2883;100;100;32.6192;223.563;32.6192;223.563;41;127;1186;222;135;66;130;1219;0;185;66;130;1219;0;185;66901;27133;664;63291;86;64;22;86;64;22;259.99999999999801;49.999999999997158
11;0.000830888748169;25;0.00128793716431;1166;0.000576972961426;111;0.0105159282684;11186;2.9689040184;17;99.7957789898;106;0.505247116089;1802;0.00796604156494;1.51412582397;4013;3868;145;145;4013;3976;37;37;513.104;327.917;354.975;327.917;30;438;1198;254;487;441;443;1207;0;568;301;470;1234;0;568;75811;45354;61983;37032;408;2;406;408;169;239;319.99999999999318;120.00000000000455
13;0.000818967819214;56;0.0086510181427;8385;0.000521898269653;39;0.00394010543823;4663;40.8339138031;51;16.9181349277;33;1.10469484329;1683;0.00506401062012;1.30820679665;3087;3068;19;19;3087;3068;19;19;170.463;48.1302;7.30727;48.1302;238;350;961;34;431;368;370;946;0;436;243;350;966;0;436;67716;1104;29165;12432;112;2;110;112;107;5;299.99999999998295;69.999999999993179
14;0.000975131988525;41;0.00075101852417;441;0.00053596496582;38;0.0030689239502;2853;1.72619581223;39;10.4630379677;29;1.58016204834;1131;0.00314497947693;0.231860876083;4686;4525;161;161;4686;4629;57;57;432.514;29.5854;200.877;29.5854;121;544;1590;22;396;435;495;1573;0;389;266;521;1599;0;389;44497;14208;66068;61239;423;60;363;423;255;168;229.99999999998977;39.999999999992042
15;0.000933885574341;53;0.00631713867188;7004;0.000524044036865;33;0.0079870223999;8018;33.3235690594;40;25.4455449581;30;1.4629149437;1200;0.00329995155334;1.11656093597;4129;3877;252;252;4129;3909;220;220;252.023;260.772;201.065;260.772;87;428;1347;186;393;316;389;1338;0;423;276;397;1346;0;423;49850;37227;27799;57960;341;73;268;341;121;220;359.9999999999568;99.999999999965894
18;0.000833034515381;63;0.00997114181519;9152;0.000590085983276;78;0.00473809242249;5948;49.4479291439;48;39.0601029396;62;1.47866392136;2976;0.0155689716339;2.7812230587;3165;3165;0;0;3165;3165;0;0;12.4784;5.09592;12.4784;5.09592;281;330;1078;3;346;290;331;1078;0;347;290;331;1078;0;347;26042;8103;17535;5151;49;41;8;49;41;8;250;60.000000000002274
19;0.00113582611084;111;0.00975394248962;8301;0.000718116760254;90;0.00682401657104;7610;74.0965099335;51;55.8791699409;14;0.579066038132;714;0.00502490997314;0.771867990494;3675;3500;175;175;3675;4135;460;-460;361.771;329.291;250.782;824.373;2;371;994;238;707;392;395;982;0;746;269;376;959;879;586;6816;43070;42778;45034;369;3;366;369;107;262;399.99999999997726;120.00000000000455
20;0.00399088859558;79;0.0017409324646;1464;0.000797986984253;70;0.0137579441071;11385;9.55912089348;79;66.9586119652;70;4.76873898506;5530;0.0247662067413;4.57703995705;5323;5047;276;276;5323;5139;184;184;471.881;93.2633;398.707;93.2633;17;450;1889;146;499;369;361;1897;0;515;285;388;1924;0;515;13865;61662;5074;4279;433;8;425;433;103;330;170.00000000007276;29.999999999972715
22;0.00157904624939;35;0.0041868686676;3941;0.00123596191406;157;0.0164229869843;13274;13.18364501;23;167.336189985;144;1.13563489914;3312;0.0202360153198;5.31824612617;3585;3469;116;116;3585;3557;28;28;323.914;87.3503;138.03;87.3503;140;403;1142;80;415;383;388;1127;0;439;249;410;1149;0;439;65720;8182;23524;61220;263;5;258;263;161;102;280.0000000000864;89.999999999918145
24;0.0017249584198;69;0.00216698646545;2691;0.00158596038818;289;0.00984001159668;10496;16.2070279121;54;238.312298059;190;1.68079781532;10260;0.13095498085;10.4274349213;3279;3152;127;127;3279;3212;67;67;264.576;8.11981;137.901;8.11981;132;366;1023;47;454;321;336;993;52;442;229;351;1008;52;442;67164;31471;17349;28401;234;15;219;234;122;112;199.9999999998181;59.99999999994543
25;0.000823974609375;14;0.00275707244873;2264;0.000606060028076;121;0.00896191596985;8266;4.0454158783;12;81.0230200291;2;0.0765950679779;24;0.00191116333008;0.0234730243683;4970;4496;474;474;4970;4720;250;250;418.427;231.962;169.92;234.262;142;542;1529;287;541;454;439;1456;105;571;264;502;1518;110;570;8546;5705;14358;38801;400;15;385;400;238;162;319.99999999993634;110.00000000012733
27;0.0010290145874;58;0.00255393981934;2101;0.000509023666382;15;0.0138890743256;11616;10.678632021;41;21.0075380802;15;0.883543014526;615;0.00117993354797;0.61737203598;3937;3889;48;48;3937;3891;46;46;226.739;28.064;84.493;28.064;199;354;1524;19;162;361;328;1501;0;165;259;345;1518;0;165;34577;45453;5247;24304;155;33;122;155;86;69;269.99999999998181;89.999999999918145
28;0.00188994407654;41;0.0138499736786;13001;0.000636100769043;23;0.00199508666992;1625;48.9707820415;32;3.99374604225;23;0.710548877716;736;0.00192093849182;0.865445137024;3871;3761;110;110;3871;3761;110;110;215.907;23.3372;215.907;23.3372;77;273;1389;17;530;220;249;1369;0;525;220;249;1369;0;525;47525;422;22201;38959;196;29;167;196;29;167;400.00000000009095;69.999999999936335
32;0.0013427734375;29;0.0029730796814;2686;0.00069785118103;63;0.00735402107239;7141;7.69071698189;25;38.2843408585;45;0.37955904007;1125;0.00323915481567;0.652511119843;3946;3946;0;0;3946;3946;0;0;0;0;0;0;235;220;1450;11;565;235;220;1450;11;565;235;220;1450;11;565;42737;34374;28026;32265;15;15;0;15;15;0;250;69.999999999936335
35;0.00322198867798;28;0.00326204299927;3847;0.000691175460815;45;0.00958490371704;7322;10.7463409901;23;29.9631910324;36;0.755012989044;828;0.00188493728638;0.503473997116;3945;3839;106;106;3945;3941;4;4;262.143;291.301;262.143;405.033;8;240;1298;217;652;193;269;1340;0;621;193;269;1352;115;584;5458;17988;31103;62873;232;76;156;232;76;156;369.99999999989086;120.00000000011823
36;0.00101208686829;44;0.00783705711365;8345;0.00048303604126;11;0.00872993469238;8350;33.7946820259;34;12.8689119816;11;0.405514955521;374;0.000777959823608;0.39311504364;3797;3678;119;119;3797;3678;119;119;0;291.869;0;291.869;115;110;1427;230;483;115;110;1464;0;520;115;110;1464;0;520;41468;53851;51063;25075;5;5;0;5;5;0;490.00000000000909;149.99999999986358
37;0.0031111240387;79;0.00308084487915;3754;0.000715970993042;115;0.00847601890564;7877;25.1620690823;64;74.7068309784;67;2.22657680511;4288;0.025032043457;2.8958170414;3523;3296;227;227;3523;3296;227;227;142.801;172.704;142.801;172.704;138;297;1184;141;420;273;277;1184;2;372;273;277;1184;2;372;59413;30479;40784;31262;159;4;155;159;4;155;259.99999999999091;69.999999999936335
40;0.00100994110107;97;0.00501894950867;4887;0.000653028488159;16;0.0124230384827;11927;39.3888599873;85;22.8353528976;16;0.659492969513;1360;0.00462794303894;1.78050994873;3667;3382;285;285;3667;3382;285;285;698.789;271.882;368.824;271.882;2;523;1012;195;402;541;543;967;0;362;302;504;1006;0;362;21833;34746;21508;59160;521;2;519;521;202;319;309.99999999994543;89.999999999918145
44;0.00121688842773;178;0.0138108730316;12102;0.000494956970215;3;0.00969195365906;5969;171.028659105;118;5.49909710884;1;0.0422809123993;118;0.000822067260742;0.347150802612;3136;2823;313;313;3136;2823;313;313;15.6489;289.973;15.6489;289.973;128;74;1030;216;604;115;76;1008;0;577;115;76;1008;0;577;30466;65498;17904;45866;54;39;15;54;39;15;420.00000000007276;99.999999999909051
46;0.0014660358429;91;0.00423121452332;3992;0.00056791305542;46;0.00651216506958;6743;29.771173954;48;27.7851860523;34;1.42490196228;1632;0.00649094581604;1.11286115646;3201;3201;0;0;3201;3201;0;0;0;0;0;0;152;140;1188;30;491;152;140;1188;30;491;152;140;1188;30;491;921;66035;66839;64565;12;12;0;12;12;0;309.99999999994543;110.00000000012733
49;0.00114512443542;6;0.0112199783325;7795;0.000962018966675;90;0.0106689929962;6309;8.89761519432;6;46.5801980495;80;0.310992956161;480;0.00142192840576;0.44589304924;4444;4330;114;114;4444;4410;34;34;91.3912;3.83513;40.4561;3.83513;270;420;1648;2;306;355;392;1620;0;306;299;410;1642;0;306;2643;28155;38578;57364;150;37;113;150;111;39;380.00000000010914;89.999999999918145
50;0.00212001800537;3;0.00101399421692;671;0.000725030899048;119;0.00714111328125;7749;0.634882926941;3;74.3361241817;63;0.0429840087891;189;0.000752925872803;0.0973360538483;3121;3011;110;110;3121;3011;110;110;80.4472;71.0631;80.4472;71.0631;280;177;1086;30;359;223;186;1088;81;308;223;186;1088;81;308;47940;62741;70414;53840;103;37;66;103;37;66;180.00000000006366;49.999999999954525
51;0.000998020172119;91;0.00740003585815;7997;0.000556945800781;48;0.00767087936401;6224;59.9018390179;54;26.7603070736;39;1.12585115433;2106;0.0099241733551;1.76803994179;2476;2449;27;27;2476;2449;27;27;0;23.9946;0;23.9946;185;221;930;17;157;185;221;929;0;149;185;221;929;0;149;65146;51776;62729;28687;36;36;0;36;36;0;230.00000000001819;49.999999999954525
52;0.000931024551392;84;0.0190408229828;17116;0.000561952590942;70;0.0012059211731;667;120.49555707;63;4.00095200539;65;3.42614889145;4095;0.0262022018433;6.95490789413;3521;3468;53;53;3521;3468;53;53;83.2882;45.6594;83.2882;45.6594;181;261;1338;36;287;240;253;1335;0;292;240;253;1335;0;292;42736;49944;13555;49607;80;13;67;80;13;67;309.99999999994543;69.999999999708962
55;0.000865936279297;159;0.00468492507935;3816;0.000542879104614;45;0.0128989219666;12281;48.8594388962;121;50.7245249748;45;4.15764498711;5445;0.0329730510712;6.88199281693;3233;3233;0;0;3233;3233;0;0;57.8432;0;57.8432;92.4823;155;190;1275;66;237;194;194;1271;66;237;194;194;1293;0;259;45858;18753;45192;65814;35;0;35;35;0;35;300.0000000001819;109.99999999967258
56;0.00145602226257;37;0.0069580078125;7361;0.00192904472351;72;0.00871300697327;8843;25.9827320576;7;54.5717000961;17;0.0915818214417;119;0.000745058059692;0.131822109222;4035;3856;179;179;4035;4111;76;-76;162.413;70.9634;0;169.392;298;529;1147;51;632;414;491;1117;0;640;298;529;1149;197;558;55142;36022;3279;63473;231;77;154;231;231;0;300.0000000001819;110.00000000012733
57;0.00131702423096;75;0.00942993164062;9696;0.000627994537354;145;0.00861001014709;8555;61.0782771111;64;98.6905288696;124;3.57720112801;7936;0.0524439811707;11.0847070217;3731;3469;262;262;3731;3513;218;218;417.346;284.204;317.733;284.204;30;462;1192;260;163;375;407;1224;0;207;302;418;1235;0;207;68065;9108;34866;30947;432;32;400;432;116;316;369.99999999989086;90.000000000145519
58;0.00113391876221;90;0.00670886039734;7795;0.00220704078674;66;0.0182287693024;14283;57.5655629635;42;86.5224049091;51;2.00846409798;2142;0.0107100009918;6.59799003601;3783;3636;147;147;3783;3636;147;147;382.944;170.72;382.944;170.72;93;285;1265;154;529;245;238;1311;30;494;245;238;1311;30;494;52161;28155;75451;40698;192;7;185;192;7;185;480.00000000001819;199.9999999998181
60;0.000761032104492;38;0.00249481201172;2646;0.000653982162476;140;0.00679707527161;6897;10.4615190029;34;82.6675779819;72;0.806643009186;2448;0.0159468650818;1.65999007225;4049;3730;319;319;4049;3738;311;311;390.178;223.714;350.932;223.714;6;345;1338;200;483;303;297;1321;30;452;273;302;1326;30;452;32595;24696;71567;17872;339;6;333;339;29;310;269.99999999998181;59.99999999994543
63;0.00078296661377;4;0.0012309551239;473;0.00064492225647;123;0.0110318660736;7650;0.523178815842;4;81.1914079189;78;0.106957912445;312;0.00148797035217;0.169187068939;5319;5317;2;2;5319;5317;2;2;96.3695;3.29442;0;3.29442;233;439;1970;2;499;304;450;1959;0;499;233;439;1970;0;499;53605;18452;52616;36745;206;146;60;206;206;0;280.00000000020009;69.999999999708962
66;0.00129985809326;127;0.00557899475098;5551;0.000602006912231;67;0.007817029953;7346;58.6002259254;89;42.3177821636;55;3.66517591476;4895;0.032637834549;3.97519516945;3660;3586;74;74;3660;3586;74;74;0;207.319;0;207.319;73;64;1464;178;408;73;64;1490;30;430;73;64;1490;30;430;14072;15367;72774;10166;9;9;0;9;9;0;329.99999999992724;90.000000000145519
70;0.00074315071106;14;0.00158286094666;1706;0.00059700012207;53;0.00675201416016;7353;3.07062482834;13;34.6771631241;34;0.425585031509;442;0.00102400779724;0.244689941406;3818;3734;84;84;3818;3734;84;84;244.636;174.005;244.636;174.005;176;201;1438;173;367;0;172;1487;26;390;0;172;1487;26;390;41684;41597;29965;64243;25;172;147;25;172;147;289.99999999996362;90.000000000145519
72;0.000633955001831;36;0.011873960495;10162;0.000524997711182;59;0.0042188167572;4086;35.9619009495;29;21.5378599167;42;1.55765199661;1218;0.00339579582214;1.22779488564;3298;3181;117;117;3298;3181;117;117;324.555;174.525;220.185;174.525;75;386;1161;160;44;394;411;1132;30;65;297;396;1147;30;65;44471;54954;75160;51943;311;17;294;311;99;212;339.99999999969077;90.000000000145519
73;0.00124502182007;3;0.00207209587097;1903;0.000712871551514;97;0.00994491577148;10268;1.87390398979;3;85.3070249557;76;0.127851009369;228;0.000910997390747;0.194638967514;4465;4423;42;42;4465;4423;42;42;0;14.8518;0;14.8518;184;324;1643;10;521;184;324;1642;0;491;184;324;1642;0;491;19093;30388;16062;22408;140;140;0;140;140;0;300.0000000001819;79.99999999992724
74;0.00117802619934;67;0.0108389854431;10005;0.000541925430298;67;0.0123310089111;12882;60.5843479633;57;98.8305339813;10;0.440793991089;570;0.00257802009583;1.17705082893;4442;4260;182;182;4442;4264;178;178;278.494;270.31;278.494;0;23;342;1451;274;582;273;350;1444;0;672;273;350;1354;274;582;61440;53235;34235;25341;319;77;242;319;77;242;1079.9999999999272;230.00000000001819
77;0.00114607810974;148;0.011176109314;7128;0.000509023666382;28;0.00816512107849;4618;90.043874979;136;13.5118899345;15;0.407959938049;2040;0.0112819671631;1.41057896614;3150;3041;109;109;3150;3343;193;-193;238.094;148.191;261.085;298.039;87;395;814;121;611;374;391;808;0;643;283;383;793;399;592;31;45391;59864;61256;308;17;291;308;100;208;339.99999999969077;100.0000000003638
78;0.00130796432495;90;0.00768089294434;8345;0.000418901443481;1;0.00143694877625;1389;64.8040468693;57;1.12518596649;1;0.0158059597015;57;0.000291109085083;0.0581550598145;3502;3428;74;74;3502;3428;74;74;280.449;194.397;208.533;194.397;190;365;1154;143;321;345;397;1145;0;344;294;389;1153;0;344;39404;36173;50390;42548;175;52;123;175;95;80;280.00000000020009;49.999999999727152
80;0.00147414207458;19;0.000764846801758;313;0.000531911849976;13;0.00517201423645;5174;0.708662033081;4;8.99799394608;7;0.125020027161;28;4.6968460083e-05;0.0175399780273;4802;4724;78;78;4802;4724;78;78;0;138.621;0;138.621;181;583;1589;99;359;181;583;1596;0;366;181;583;1596;0;366;44692;10398;18063;47428;402;402;0;402;402;0;300.0000000001819;70.000000000163709
82;0.000861883163452;121;0.00225186347961;2449;0.00052809715271;33;0.00986194610596;9656;25.1192889214;113;32.9918210506;26;1.9968919754;2938;0.0142269134521;2.28687691689;3462;3356;106;106;3462;3392;70;70;558.658;116.505;306.643;116.505;15;346;1067;115;521;415;344;994;30;508;233;373;1054;30;508;10636;4292;71214;57165;331;71;260;331;140;191;250;50.000000000181899
83;0.000909090042114;90;0.00115704536438;959;0.000598907470703;100;0.0158240795135;13281;7.35117816925;82;114.498070955;55;3.58573889732;4510;0.0275921821594;5.29417800903;4913;4699;214;214;4913;4699;214;214;316.682;213.872;316.682;213.872;6;322;1759;234;517;241;284;1785;0;561;241;284;1785;0;561;30984;6088;2182;30345;316;43;273;316;43;273;369.99999999989086;150.00000000009095
84;0.000821113586426;50;0.0058228969574;5772;0.00106596946716;134;0.00851392745972;8611;26.1242518425;48;96.6231970787;37;1.82942485809;1776;0.00963020324707;1.73418617249;3577;3433;144;144;3577;3435;142;142;60.1848;125.471;60.1848;145.851;172;114;1249;92;643;112;128;1285;0;607;112;128;1280;17;602;22622;6742;10117;11615;58;16;42;58;16;42;389.99999999987267;179.99999999983629
scenario_id;iso_foot_pickup_time;pickup_foot_size;iso_car_pickup_time;pickup_car_size;iso_foot_dropoff_time;dropoff_foot_size;iso_car_dropoff_time;dropoff_car_size;psi_pickup_time;psi_pickup_size;psi_dropoff_time;psi_dropoff_size;path_computing_time;shared_path_size;path_ordering_foot_time;path_ordering_car_time;cd_total_cost;cc_total_cost;ecart_cost;diff_cost;cd_total_cost;ccl_total_cost;ecart_cost_2;diff_cost_2;ecart_distance_pickup (meters);ecart_distance_dropoff (meters);ecart_distance_pickup_2 (meters);ecart_distance_dropoff_2 (meters);cd_len1;cd_len2;cd_len3;cd_len4;cd_len5;cc_len1;cc_len2;cc_len3;cc_len4;cc_len5;ccl_len1;ccl_len2;ccl_len3;ccl_len4;ccl_len5;foot1;car1;foot2;car2;cd_waiting_time;cc_waiting_time;ecart_waiting_time;cd_waiting_time;ccl_waiting_time;ecart_waiting_time_2;cc_runtime;ccl_runtime
0;0.00213813781738;143;0.00458478927612;5185;0.000632047653198;2;0.00164413452148;1447;60.603853941;89;1.25145292282;2;0.0407919883728;178;0.000647068023682;0.100300073624;3704;3695;9;9;3704;3695;9;9;0;20.9148;0;20.9148;30;125;1462;15;515;30;125;1464;0;517;30;125;1464;0;517;33996;44816;62281;31833;95;95;0;95;95;0;379.99999999999545;70.000000000000284
2;0.00123596191406;72;0.0100839138031;11656;0.00131106376648;51;0.00467205047607;4730;70.2732601166;69;22.4175930023;39;2.3902490139;2652;0.0104808807373;4.83130407333;3137;2938;199;199;3137;2938;199;199;103.89;266.268;103.89;266.268;5;206;1232;209;52;183;175;1250;0;72;183;175;1250;0;72;15726;58594;50138;59038;201;8;193;201;8;193;300.00000000001137;70.0000000000216
3;0.0011100769043;76;0.00550603866577;5636;0.000558853149414;35;0.0017831325531;1340;38.5123519897;52;4.90621113777;27;0.371189832687;1404;0.00521993637085;0.812451839447;3157;2929;228;228;3157;2929;228;228;185.648;211.133;185.648;211.133;60;275;936;221;514;242;247;943;0;549;242;247;943;0;549;41334;7689;41175;64207;215;5;210;215;5;210;280.00000000000114;50.000000000011369
6;0.00112295150757;142;0.00512599945068;5226;0.000627040863037;9;0.00197815895081;1875;62.9344520569;104;2.59842395782;9;0.557718992233;936;0.00424408912659;0.635045051575;4362;4266;96;96;4362;4266;96;96;230.628;195.408;230.628;195.408;12;191;1758;180;284;179;216;1761;0;312;179;216;1761;0;312;61600;29449;42175;3685;179;37;142;179;37;142;350.00000000002274;69.999999999993179
9;0.00116586685181;140;0.00924587249756;8493;0.000627994537354;150;0.00825691223145;8473;95.8326480389;75;101.442476988;138;3.57172012329;10350;0.0984191894531;15.5728909969;2973;2952;21;21;2973;2952;21;21;128.859;6.8896;128.859;6.8896;172;313;957;4;429;277;328;933;0;430;277;328;933;0;430;26045;53153;5976;43960;141;51;90;141;51;90;350.00000000002274;140.0000000000432
12;0.00082802772522;110;0.00928902626038;8533;0.000581979751587;61;0.00612211227417;6962;76.9198989868;88;37.4926869869;49;2.64749693871;4312;0.029011964798;5.04080700874;3309;3309;0;0;3309;3309;0;0;17.668;0;17.668;0;13;292;1250;6;219;25;292;1250;6;219;25;292;1250;6;219;26720;40890;187;20351;279;267;12;279;267;12;290.00000000007731;69.999999999936335
14;0.00142908096313;66;0.00364208221436;2979;0.000647068023682;38;0.0130989551544;12435;18.1156358719;60;46.8597509861;28;2.01747822762;1680;0.00520992279053;2.20862817764;3554;3487;67;67;3554;3487;67;67;59.4119;144.458;59.4119;144.458;8;124;1317;222;450;58;118;1364;0;523;58;118;1364;0;523;23042;24735;20432;22984;116;60;56;116;60;56;309.99999999994543;80.000000000040927
16;0.00137400627136;33;0.00722694396973;7157;0.000615119934082;13;0.00164604187012;1083;23.0119760036;21;1.87671804428;13;0.303607940674;273;0.000411987304688;0.180638790131;4336;4089;247;247;4336;4089;247;247;167.747;149.418;167.747;149.418;204;43;1666;108;488;0;76;1716;0;505;0;76;1716;0;505;34938;7286;49891;61113;161;76;85;161;76;85;370.00000000000455;60.000000000059117
22;0.00242805480957;80;0.00933599472046;9950;0.000545978546143;57;0.00825190544128;9432;67.3009240627;60;47.1806159019;36;1.22537207603;2160;0.00915694236755;3.16142511368;3268;3169;99;99;3268;3169;99;99;234.01;243.477;234.01;243.477;2;149;1205;211;349;168;174;1207;30;377;168;174;1207;30;377;28338;55541;71643;64113;147;6;141;147;6;141;419.99999999995907;119.99999999989086
26;0.000808000564575;144;0.0107200145721;10272;0.000863075256348;68;0.0170569419861;15015;118.61499095;65;87.9433598518;56;2.23661589622;3640;0.0268750190735;9.95305085182;3663;3537;126;126;3663;3537;126;126;200.303;43.8182;200.303;43.8182;158;307;1311;40;387;283;277;1298;0;375;283;277;1298;0;375;26311;52735;25141;34079;149;6;143;149;6;143;479.99999999979082;209.99999999980901
28;0.000900030136108;142;0.00898098945618;8405;0.000485897064209;20;0.0019109249115;1772;96.996106863;77;4.05219483376;15;0.340688943863;1155;0.00652384757996;1.18868994713;3829;3770;59;59;3829;3770;59;59;484.578;91.8017;283.51;91.8017;7;435;1149;65;596;495;511;1075;0;598;210;468;1118;0;598;2770;28811;34926;61887;428;16;412;428;258;170;370.00000000011823;79.99999999992724
32;0.00176501274109;156;0.0119869709015;11093;0.00041389465332;33;0.00668382644653;6733;139.302293777;140;21.6519038677;29;1.37567806244;4060;0.0320510864258;6.72179889679;3568;3434;134;134;3568;3434;134;134;279.496;270.743;279.496;240.876;17;260;1301;215;231;225;226;1340;0;302;225;226;1326;42;288;48731;999;52637;17907;243;1;242;243;1;242;450.00000000004547;140.00000000010004
35;0.00141882896423;20;0.00134706497192;1056;0.000627994537354;12;0.0108721256256;10065;2.43627309799;16;16.2897768021;9;0.455236911774;144;0.000231981277466;0.125482082367;4702;4630;72;72;4702;4630;72;72;193.658;259.537;193.658;259.537;8;249;1850;212;292;181;234;1844;0;474;181;234;1844;0;474;17854;29085;9378;57293;241;53;188;241;53;188;320.00000000016371;99.999999999909051
36;0.00137186050415;38;0.00365090370178;2314;0.000534057617188;34;0.00265789031982;2812;8.46050596237;19;9.40096998215;34;0.680029153824;646;0.00115418434143;0.172684907913;4288;4266;22;22;4288;4266;22;22;0;53.8856;0;53.8856;160;332;1568;39;449;160;332;1574;0;454;160;332;1574;0;454;74836;53124;43540;4194;172;172;0;172;172;0;259.99999999999091;69.999999999936335
39;0.00268912315369;210;0.00957298278809;7835;0.000981092453003;40;0.00458097457886;4447;130.03143692;187;16.8460011482;32;1.96991205215;5984;0.0493710041046;4.04435706139;2534;2372;162;162;2534;2372;162;162;53.279;121.731;53.279;121.731;93;37;936;139;337;40;45;965;0;352;40;45;965;0;352;42898;21429;64343;21478;56;5;51;56;5;51;220.00000000002728;39.99999999996362
40;0.00159406661987;39;0.00739812850952;7805;0.000641107559204;143;0.00821900367737;8458;28.7976438999;39;97.8828780651;73;2.17622900009;2847;0.0162558555603;3.40777921677;4131;3959;172;172;4131;3959;172;172;227.954;287.698;227.954;287.698;5;147;1528;267;514;207;169;1512;28;493;207;169;1512;28;493;20523;15094;46333;43104;142;38;104;142;38;104;519.99999999998181;140.00000000010004
41;0.00106501579285;30;0.00741791725159;6281;0.000521898269653;29;0.00109696388245;499;18.7647299767;15;1.48503088951;29;0.347877979279;435;0.000800132751465;0.206095933914;2876;2718;158;158;2876;2718;158;158;570.886;385.102;373.303;385.102;30;399;862;276;78;439;464;838;0;114;299;442;860;0;114;73318;35462;5896;5912;369;25;344;369;143;226;210.00000000003638;29.999999999972715
50;0.000854015350342;34;0.00292491912842;3087;0.000526905059814;47;0.00833106040955;8075;10.2193448544;32;34.2355380058;38;1.02547597885;1216;0.00291609764099;0.854487895966;3753;3641;112;112;3753;3641;112;112;60.1533;85.9063;60.1533;85.9063;221;162;1492;74;253;178;176;1514;0;257;178;176;1514;0;257;25653;40897;55911;51205;59;2;57;59;2;57;259.99999999999091;90.000000000145519
53;0.00104594230652;66;0.00526595115662;4092;0.000665903091431;208;0.00735998153687;8663;23.3648679256;52;142.272200108;143;3.13331604004;7436;0.0677380561829;5.79606509209;3577;3564;13;13;3577;3564;13;13;0;85.1491;0;85.1491;160;206;1430;75;230;160;206;1444;15;249;160;206;1444;15;249;46158;10868;22649;35025;46;46;0;46;46;0;409.99999999985448;79.99999999992724
57;0.00166201591492;18;0.00819110870361;5748;0.000643014907837;18;0.0131809711456;8018;11.9386000633;7;16.6604428291;16;0.286650180817;112;0.00136017799377;0.117233037949;3344;3268;76;76;3344;3268;76;76;0;294.447;0;294.447;30;100;1185;277;497;30;100;1253;0;562;30;100;1253;0;562;74777;30097;580;57960;70;70;0;70;70;0;390.00000000010004;109.99999999989996
58;0.00152492523193;113;0.00512290000916;4523;0.000916957855225;70;0.00325679779053;4168;42.3027789593;72;25.1741290092;20;0.563942909241;1440;0.00760388374329;0.740741968155;3711;3630;81;81;3711;3630;81;81;489.725;161.049;318.654;106.333;51;440;998;268;567;443;476;1032;0;614;302;455;1033;60;594;74980;57199;24099;60740;389;33;356;389;153;236;329.99999999992724;110.00000000012733
scenario_id;iso_foot_pickup_time;pickup_foot_size;iso_car_pickup_time;pickup_car_size;iso_foot_dropoff_time;dropoff_foot_size;iso_car_dropoff_time;dropoff_car_size;psi_pickup_time;psi_pickup_size;psi_dropoff_time;psi_dropoff_size;path_computing_time;shared_path_size;path_ordering_foot_time;path_ordering_car_time;cd_total_cost;cc_total_cost;ecart_cost;diff_cost;cd_total_cost;ccl_total_cost;ecart_cost_2;diff_cost_2;ecart_distance_pickup (meters);ecart_distance_dropoff (meters);ecart_distance_pickup_2 (meters);ecart_distance_dropoff_2 (meters);cd_len1;cd_len2;cd_len3;cd_len4;cd_len5;cc_len1;cc_len2;cc_len3;cc_len4;cc_len5;ccl_len1;ccl_len2;ccl_len3;ccl_len4;ccl_len5;foot1;car1;foot2;car2;cd_waiting_time;cc_waiting_time;ecart_waiting_time;cd_waiting_time;ccl_waiting_time;ecart_waiting_time_2;cc_runtime;ccl_runtime
2;0.000668048858643;63;0.00114512443542;1120;0.000547885894775;72;0.00425696372986;5097;6.02887988091;63;31.0678889751;46;2.39849615097;2898;0.0112779140472;0.901721000671;5040;4978;62;62;5040;5016;24;24;96.0359;100.034;96.0359;0;20;119;2030;145;597;100;113;2035;74;608;100;113;2024;145;597;13011;48446;55709;11182;99;13;86;99;13;86;200.00000000000284;49.999999999997158
4;0.00122904777527;42;0.00628399848938;7165;0.000638961791992;61;0.00533199310303;4988;27.2015271187;32;26.1483500004;46;1.31057214737;1472;0.00438404083252;1.07931089401;2998;2969;29;29;2998;2969;29;29;69.6391;74.8447;69.6391;74.8447;239;285;1068;53;239;289;293;1068;0;247;289;293;1068;0;247;45410;8263;61709;46141;46;4;42;46;4;42;290.00000000000625;79.999999999998295
5;0.00143098831177;176;0.00388598442078;4562;0.000669956207275;117;0.00958395004272;9631;62.7298519611;138;90.796216011;65;5.52599382401;8970;0.0943119525909;8.06680107117;3572;3516;56;56;3572;3516;56;56;24.4015;187.597;24.4015;187.597;6;69;1385;196;468;24;70;1413;30;520;24;70;1413;30;520;57559;57420;66764;17050;63;46;17;63;46;17;379.99999999999545;170.00000000001592
7;0.00155019760132;187;0.0086989402771;8594;0.000594854354858;108;0.00689506530762;6830;125.294755936;125;60.2481341362;103;7.48637318611;12875;0.124877929688;13.9462320805;3196;3116;80;80;3196;3116;80;80;52.8811;0;52.8811;0;247;165;1199;5;299;200;177;1206;5;299;200;177;1206;5;299;8607;33747;11358;45164;82;23;59;82;23;59;349.99999999996589;99.999999999965894
8;0.000995874404907;63;0.0031681060791;2656;0.000597953796387;105;0.0116450786591;10875;14.6280958652;16;96.898252964;83;0.377647161484;1328;0.00684595108032;1.66895103455;3977;3564;413;413;3977;3872;105;105;347.785;64.2592;477.348;64.2592;214;565;1195;73;384;468;472;1114;0;392;300;549;1191;0;392;68230;63970;36341;40873;351;4;347;351;249;102;259.99999999999091;80.000000000040927
scenario_id;iso_foot_pickup_time;pickup_foot_size;iso_car_pickup_time;pickup_car_size;iso_foot_dropoff_time;dropoff_foot_size;iso_car_dropoff_time;dropoff_car_size;psi_pickup_time;psi_pickup_size;psi_dropoff_time;psi_dropoff_size;path_computing_time;shared_path_size;path_ordering_foot_time;path_ordering_car_time;cd_total_cost;cc_total_cost;ecart_cost;diff_cost;cd_total_cost;ccl_total_cost;ecart_cost_2;diff_cost_2;ecart_distance_pickup (meters);ecart_distance_dropoff (meters);ecart_distance_pickup_2 (meters);ecart_distance_dropoff_2 (meters);cd_len1;cd_len2;cd_len3;cd_len4;cd_len5;cc_len1;cc_len2;cc_len3;cc_len4;cc_len5;ccl_len1;ccl_len2;ccl_len3;ccl_len4;ccl_len5;foot1;car1;foot2;car2;cd_waiting_time;cc_waiting_time;ecart_waiting_time;cd_waiting_time;ccl_waiting_time;ecart_waiting_time_2;cc_runtime;ccl_runtime
4;0.000771045684814;72;0.00389409065247;4381;0.000495195388794;55;0.00758385658264;8021;26.1909189224;48;37.9960510731;39;1.46671414375;1872;0.00674700737;1.15077495575;3365;3220;145;145;3365;3220;145;145;259.074;247.798;259.074;247.798;0;257;1052;264;483;208;232;1101;30;524;208;232;1101;30;524;33922;28410;75237;61876;257;24;233;257;24;233;329.99999999999829;120.00000000000455
11;0.000829935073853;72;0.00102210044861;848;0.000473022460938;11;0.00476408004761;4522;5.14776802063;63;6.84448194504;8;0.552264928818;504;0.00130891799927;0.127440929413;4932;4881;51;51;4932;4881;51;51;3.91628;136.67;3.91628;136.67;85;154;2008;129;479;87;154;2024;30;495;87;154;2024;30;495;16260;6029;73653;44594;69;67;2;69;67;2;299.99999999999716;60.000000000002274
12;0.00087308883667;46;0.00137305259705;1455;0.000584125518799;120;0.00735211372375;7923;6.08467912674;37;75.8118879795;6;0.272176980972;222;0.00105619430542;0.119851112366;3470;3326;144;144;3470;3863;393;-393;214.129;313.459;214.129;493.14;3;207;1048;285;675;197;237;1067;0;718;197;237;1077;648;587;54260;7964;3004;42794;204;40;164;204;40;164;250;140.00000000001478
17;0.00107502937317;205;0.0133991241455;8639;0.0014500617981;41;0.00384283065796;2697;135.732655048;157;10.1676881313;41;1.8629720211;6437;0.0468130111694;5.60070991516;3131;3002;129;129;3131;3002;129;129;119.129;59.1224;119.129;59.1224;198;126;1140;44;411;112;143;1151;0;414;112;143;1151;0;414;8312;46969;27567;66130;72;31;41;72;31;41;250;60.000000000002274
21;0.00247597694397;53;0.00214195251465;2285;0.000530958175659;14;0.0063841342926;6338;10.519040823;45;11.0305261612;10;0.510071992874;450;0.00123500823975;0.208709001541;3890;3806;84;84;3890;3806;84;84;20.3034;123.29;20.3034;123.29;38;107;1482;146;566;57;104;1504;0;590;57;104;1504;0;590;17810;62438;53103;36367;69;47;22;69;47;22;250;50.000000000011369
24;0.000742197036743;112;0.00449991226196;2875;0.000712156295776;232;0.00558400154114;5598;25.8907749653;76;100.79934907;159;3.87882995605;12084;0.135972976685;5.86228489876;3794;3727;67;67;3794;3749;45;45;388.567;143.631;319.126;143.631;61;350;1209;121;555;340;334;1240;10;557;288;384;1207;10;557;54880;44236;10098;4492;289;6;283;289;96;193;379.99999999999545;100.00000000002274
25;0.00082802772522;17;0.0157158374786;14326;0.000423908233643;30;0.00295209884644;3055;27.8687479496;17;8.92034316063;30;0.821974992752;510;0.000829935073853;1.18183994293;3838;3795;43;43;3838;3795;43;43;0;118.845;0;118.845;119;101;1508;85;499;119;101;1522;0;513;119;101;1522;0;513;15466;40126;32647;2724;18;18;0;18;18;0;379.99999999999545;100.00000000002274
26;0.00558304786682;82;0.00493788719177;5405;0.000746965408325;160;0.0114650726318;11702;36.653470993;56;145.689419031;138;2.60045194626;7728;0.0742139816284;14.5668520927;2667;2634;33;33;2667;2634;33;33;146.538;36.3313;146.538;36.3313;7;107;1045;32;331;104;101;1056;0;314;104;101;1056;0;314;9116;37249;62601;11565;100;3;97;100;3;97;289.99999999996362;99.999999999909051
27;0.00330114364624;95;0.00123190879822;1093;0.000652074813843;111;0.00580501556396;6017;8.70191502571;70;53.5048000813;111;3.25117182732;7770;0.053915977478;3.12820792198;3623;3614;9;9;3623;3614;9;9;32.4175;13.3526;32.4175;13.3526;112;138;1611;9;116;133;141;1608;0;116;133;141;1608;0;116;4382;30205;7433;16935;26;8;18;26;8;18;230.00000000001819;49.999999999954525
31;0.00146508216858;82;0.00160217285156;1120;0.000900983810425;263;0.0119931697845;9108;7.71099209785;82;188.157012939;219;2.00040102005;17958;0.25400018692;12.6297888756;4416;4213;203;203;4416;4213;203;203;310.691;309.629;310.691;309.629;21;255;1726;232;222;236;274;1739;2;185;236;274;1739;2;185;44043;11959;4288;50517;234;38;196;234;38;196;180.00000000006366;49.999999999954525
32;0.00121903419495;41;0.00956320762634;9677;0.00095796585083;79;0.00456309318542;4117;35.9283959866;38;27.052847147;78;2.20320010185;2964;0.0140099525452;3.3450460434;3423;3357;66;66;3423;3379;44;44;285.33;0;225.125;0;98;333;1256;18;227;338;335;1218;18;227;293;342;1225;18;227;961;28209;57296;20305;235;3;232;235;49;186;349.99999999990905;89.999999999918145
33;0.00117111206055;87;0.0102980136871;11125;0.000554800033569;69;0.00520896911621;5056;78.6179311275;69;29.241517067;51;2.50056219101;3519;0.0219919681549;4.50508785248;4901;4657;244;244;4901;4657;244;244;251.415;210.573;251.415;210.573;64;347;1753;190;511;298;311;1747;0;541;298;311;1747;0;541;64115;27000;36019;46190;283;13;270;283;13;270;529.99999999997272;130.00000000010914
39;0.00125122070312;82;0.0196840763092;12594;0.000532150268555;6;0.00360488891602;1939;84.8187870979;68;2.20491099358;6;0.251996994019;408;0.000777959823608;0.662291049957;3654;3595;59;59;3654;3595;59;59;139.92;334.308;139.92;334.308;15;113;1363;285;417;99;99;1443;0;511;99;99;1443;0;511;42781;11265;17417;30052;98;0;98;98;0;98;410.00000000008185;79.99999999992724
42;0.00149703025818;53;0.00509309768677;5037;0.000690937042236;149;0.00683188438416;7009;23.3788340092;30;81.6361320019;93;1.14750599861;2790;0.0168061256409;2.22110891342;2819;2722;97;97;2819;2722;97;97;73.8732;152.322;73.8732;152.322;183;91;1065;134;189;130;108;1115;33;199;130;108;1115;33;199;59574;64950;27780;35441;92;22;70;92;22;70;230.00000000001819;59.99999999994543
43;0.000942945480347;98;0.00761485099792;7781;0.000554084777832;73;0.00350403785706;3372;61.7490999699;81;20.5361049175;56;2.41710305214;4536;0.0224962234497;2.87780499458;4425;4302;123;123;4425;4302;123;123;272.877;271.633;272.877;271.633;10;273;1603;197;476;267;287;1612;0;504;267;287;1612;0;504;47252;52223;57343;56135;263;20;243;263;20;243;430.00000000006366;80.000000000154614
44;0.000836133956909;30;0.00881886482239;8756;0.000478029251099;2;0.00218486785889;1733;25.6229109764;26;1.46124196053;2;0.0475339889526;52;7.39097595215e-05;0.0588891506195;2695;2557;138;138;2695;2557;138;138;39.432;89.3025;39.432;89.3025;223;59;978;64;229;195;144;971;0;225;195;144;971;0;225;36282;52156;28325;37436;164;51;113;164;51;113;230.00000000001819;49.999999999954525
45;0.00154805183411;43;0.00921487808228;9238;0.000648021697998;16;0.00253701210022;1661;35.1926689148;20;3.13904309273;16;0.384348154068;320;0.000673055648804;0.326745033264;3629;3599;30;30;3629;3599;30;30;43.6604;203.07;43.6604;203.07;35;119;1346;192;507;65;124;1391;12;557;65;124;1391;12;557;34141;37637;2044;18893;84;59;25;84;59;25;399.99999999986358;69.999999999936335
46;0.00107598304749;5;0.00168991088867;1568;0.000749826431274;228;0.0092670917511;9771;1.67214989662;5;170.840740919;125;0.187038898468;625;0.00609493255615;0.606673002243;3515;3513;2;2;3515;3513;2;2;184.589;0;184.589;0;179;174;1406;30;315;0;176;1408;30;315;0;176;1408;30;315;60887;15831;66582;14507;5;176;171;5;176;171;229.99999999979082;49.999999999954525
47;0.00426816940308;223;0.00334978103638;3874;0.000571966171265;55;0.00309300422668;2959;66.8310270309;204;14.2865231037;38;2.44408988953;7752;0.0722639560699;3.00122690201;3701;3674;27;27;3701;3690;11;11;390.628;215.616;365.744;215.616;2;338;1253;176;343;348;335;1290;0;398;291;353;1293;0;398;3854;9457;45792;53190;336;13;323;336;62;274;339.99999999991815;70.000000000163709
49;0.00127720832825;66;0.00373196601868;4231;0.000510931015015;36;0.0145959854126;13038;23.6981990337;65;43.7555601597;34;1.45871210098;2210;0.00757002830505;3.08223295212;3252;3081;171;171;3252;3081;171;171;123.583;16.4161;123.583;16.4161;242;71;1109;13;537;136;93;1138;0;533;136;93;1138;0;533;10328;10405;60287;7949;171;43;128;171;43;128;309.99999999994543;119.99999999989086
50;0.00173401832581;18;0.00158500671387;1406;0.00106906890869;78;0.00891995429993;9064;2.91132187843;18;58.4120409489;21;0.234040975571;378;0.00172090530396;0.220479011536;3316;3215;101;101;3316;3331;15;-15;97.4606;296.791;97.4606;203.337;57;170;1057;225;637;127;165;1091;0;703;127;165;1028;348;597;56813;1589;36328;12488;113;38;75;113;38;75;279.99999999997272;90.000000000145519
51;0.00122308731079;252;0.0120751857758;11863;0.00053596496582;74;0.0040168762207;4028;237.09197402;150;24.9016480446;51;2.02311491966;7650;0.0847988128662;11.5107460022;3735;3665;70;70;3735;3665;70;70;72.7394;0;72.7394;0;299;222;1401;30;305;247;239;1418;30;305;247;239;1418;30;305;63042;47090;68355;38646;77;8;69;77;8;69;400.00000000009095;89.999999999690772
52;0.00075101852417;49;0.0117931365967;11522;0.000527858734131;37;0.00211715698242;2136;49.9967188835;27;7.3345451355;34;1.27874493599;918;0.0027871131897;1.23963189125;3444;3299;145;145;3444;3299;145;145;35.7051;180.527;35.7051;180.527;47;181;1146;295;495;165;162;1193;0;583;165;162;1193;0;583;58763;1253;16913;34915;134;3;131;134;3;131;349.99999999990905;79.99999999992724
53;0.00153279304504;177;0.0126171112061;11987;0.000571012496948;119;0.00357699394226;2601;164.64836216;72;25.053581953;74;3.63314390182;5254;0.0438480377197;7.36431407928;3395;3301;94;94;3395;3301;94;94;89.3883;3.50187;89.3883;3.50187;295;233;1203;2;397;232;241;1211;0;397;232;241;1211;0;397;67617;742;32790;56032;62;9;53;62;9;53;329.99999999992724;59.99999999994543
55;0.00131893157959;43;0.0105140209198;9009;0.000277042388916;83;0.00473308563232;5069;35.7934379578;36;35.0429689884;62;1.20062303543;2232;0.00855898857117;2.42945098877;2524;2427;97;97;2524;2427;97;97;0;165.517;0;165.517;201;212;908;162;122;201;212;929;24;121;201;212;929;24;121;39251;3551;32162;44592;11;11;0;11;11;0;199.9999999998181;49.999999999727152
57;0.00147390365601;132;0.00780701637268;7038;0.00048303604126;16;0.00353717803955;3364;73.8435661793;87;6.32509493828;16;1.64285683632;1376;0.00661587715149;1.20546483994;3518;3387;131;131;3518;3387;131;131;49.8003;144.842;49.8003;144.842;204;280;1238;104;378;246;274;1227;0;385;246;274;1227;0;385;56025;8230;27446;47732;76;28;48;76;28;48;369.99999999989086;90.000000000145519
60;0.00309586524963;70;0.00802707672119;8288;0.00170516967773;83;0.00277900695801;2367;49.1623380184;33;16.3097748756;60;2.10448098183;1980;0.00835800170898;1.64136505127;3730;3652;78;78;3730;3652;78;78;169.314;0;169.314;0;145;422;1331;3;221;266;403;1311;3;221;266;403;1311;3;221;14411;19563;18888;54890;277;137;140;277;137;140;269.99999999998181;70.000000000163709
66;0.000995874404907;122;0.00557708740234;5041;0.000649929046631;98;0.00912594795227;8243;49.1444890499;86;65.5255491734;65;4.42020010948;4225;0.0288569927216;4.15055298805;3105;3070;35;35;3105;3070;35;35;0;90.2363;0;90.2363;238;234;970;118;571;238;234;985;52;572;238;234;985;52;572;62162;16402;44386;21974;4;4;0;4;4;0;339.99999999969077;89.999999999690772
67;0.00248098373413;54;0.00471806526184;4885;0.000580072402954;111;0.00316596031189;3832;22.9711630344;37;34.8606789112;57;1.76600790024;2109;0.0103669166565;1.03194785118;3398;3349;49;49;3398;3349;49;49;54.5898;130.977;54.5898;130.977;14;223;1143;114;552;30;231;1150;20;567;30;231;1150;20;567;21697;43346;52049;27903;209;201;8;209;201;8;319.99999999970896;59.99999999994543
70;0.000669956207275;53;0.00260877609253;2233;0.000608205795288;62;0.00703501701355;4951;10.347921133;44;26.2454509735;31;1.47625613213;1364;0.00448393821716;0.569935083389;3655;3559;96;96;3655;3575;80;80;353.284;297.079;236.668;174.268;57;389;979;212;707;409;427;1008;0;689;247;411;939;335;540;62076;62524;64183;55289;332;18;314;332;164;168;280.00000000020009;70.000000000163709
71;0.000761032104492;82;0.00703597068787;6748;0.000675916671753;206;0.00637006759644;7259;45.9479000568;78;116.74138093;4;0.190530061722;312;0.00282406806946;0.281419992447;3394;3214;180;180;3394;3214;180;180;161.407;235.508;161.407;235.508;47;218;1050;292;566;242;258;985;137;591;242;258;985;137;591;10308;59364;20677;1950;171;16;155;171;16;155;250;69.999999999708962
73;0.00244498252869;88;0.00631785392761;5441;0.000581026077271;36;0.00491285324097;4528;47.3465881348;72;3555.07233;31;1.31305289268;2232;0.00843191146851;1.31121993065;3573;3527;46;46;3573;3527;46;46;224.85;274.944;224.85;133.074;39;199;1414;227;120;203;169;1453;30;185;203;169;1419;132;151;39246;16294;69617;17278;160;34;126;160;34;126;309.99999999994543;90.000000000145519
74;0.00122594833374;120;0.00994205474854;9033;0.000694990158081;37;0.000597953796387;326;102.380768061;76;1.23466706276;35;2.37784910202;2485;0.0135889053345;1.59714794159;2906;2897;9;9;2906;2897;9;9;164.803;7.81408;164.803;7.81408;76;200;1185;25;111;195;219;1166;20;107;195;219;1166;20;107;37074;148;1475;1467;124;24;100;124;24;100;320.00000000016371;59.99999999994543
75;0.0011670589447;47;0.0144340991974;9930;0.000192165374756;47;0.00535798072815;595;43.0244560242;43;2.53067398071;39;0.725242137909;1677;0.00597596168518;1.23549818993;3291;3257;34;34;3291;3257;34;34;85.265;0;85.265;0;202;165;1165;49;508;141;175;1175;49;508;141;175;1175;49;508;26203;40187;20476;41278;37;34;3;37;34;3;309.99999999994543;69.999999999708962
76;0.00105690956116;38;0.00794577598572;8033;0.000688076019287;39;0.00685095787048;5944;27.9885079861;33;21.7706558704;27;0.90953707695;891;0.00274705886841;0.861885070801;3612;3485;127;127;3612;3555;57;57;315.062;189.936;315.062;72.9549;23;319;1086;190;612;286;282;1101;54;657;286;282;1073;242;595;42638;10496;40265;60234;296;4;292;296;4;292;380.00000000010914;89.999999999690772
78;0.000667095184326;22;0.00207805633545;2759;0.000485897064209;17;0.011314868927;9508;6.76223897934;21;19.3039579391;17;0.684298992157;357;0.000585079193115;0.300686836243;3681;3446;235;235;3681;3446;235;235;318.818;237.871;212.62;237.871;117;374;1185;171;392;356;357;1156;0;420;280;345;1168;0;420;43591;60863;56011;705;257;1;256;257;65;192;370.00000000034561;99.999999999909051
85;0.00153303146362;43;0.00162601470947;1111;0.00106906890869;54;0.0104439258575;10798;4.53266191483;43;52.7187240124;47;0.933963060379;2021;0.00734090805054;1.44135808945;5062;5034;28;28;5062;5034;28;28;287.199;42.0721;287.199;42.0721;38;103;2216;30;394;168;171;2150;0;392;168;171;2150;0;392;41862;12971;17950;18934;65;3;62;65;3;62;240.00000000023647;90.000000000145519
86;0.00141406059265;22;0.0132448673248;11728;0.00169610977173;69;0.0151259899139;12461;28.173596859;20;75.8064219952;62;1.24035787582;1240;0.00390219688416;2.69093990326;4403;4169;234;234;4403;4241;162;162;301.463;270.503;265.789;270.503;64;404;1558;239;240;332;353;1580;0;303;274;371;1598;0;303;52075;9914;35162;52072;340;21;319;340;97;243;519.99999999998181;170.00000000007276
scenario_id;iso_foot_pickup_time;pickup_foot_size;iso_car_pickup_time;pickup_car_size;iso_foot_dropoff_time;dropoff_foot_size;iso_car_dropoff_time;dropoff_car_size;psi_pickup_time;psi_pickup_size;psi_dropoff_time;psi_dropoff_size;path_computing_time;shared_path_size;path_ordering_foot_time;path_ordering_car_time;cd_total_cost;cc_total_cost;ecart_cost;diff_cost;cd_total_cost;ccl_total_cost;ecart_cost_2;diff_cost_2;ecart_distance_pickup (meters);ecart_distance_dropoff (meters);ecart_distance_pickup_2 (meters);ecart_distance_dropoff_2 (meters);cd_len1;cd_len2;cd_len3;cd_len4;cd_len5;cc_len1;cc_len2;cc_len3;cc_len4;cc_len5;ccl_len1;ccl_len2;ccl_len3;ccl_len4;ccl_len5;foot1;car1;foot2;car2;cd_waiting_time;cc_waiting_time;ecart_waiting_time;cd_waiting_time;ccl_waiting_time;ecart_waiting_time_2;cc_runtime;ccl_runtime
3;0.000662088394165;4;0.00507307052612;5159;0.000513792037964;63;0.00802302360535;7625;5.47278404236;4;42.6095879078;45;0.101241827011;180;0.000452995300293;0.130154132843;3274;3208;66;66;3274;3208;66;66;128.702;117.757;128.702;117.757;54;248;1270;84;154;146;254;1270;0;160;146;254;1270;0;160;64733;57510;31299;52560;194;108;86;194;108;86;290.00000000000625;79.999999999998295
4;0.00102996826172;156;0.0111479759216;10958;0.00049877166748;43;0.00198698043823;1878;140.48960495;121;7.70934200287;40;1.08080101013;4840;0.0318989753723;5.62642097473;2799;2788;11;11;2799;2788;11;11;34.0959;335.696;34.0959;335.696;3;76;1111;253;172;29;74;1190;0;260;29;74;1190;0;260;35610;34501;63230;29984;73;45;28;73;45;28;310.00000000000227;60.000000000002274
7;0.0010769367218;89;0.00815510749817;8168;0.000503063201904;21;0.000820875167847;431;62.3628211021;58;1.074187994;17;0.22773194313;986;0.00341105461121;0.598165988922;2915;2904;11;11;2915;2904;11;11;235.948;23.7431;235.948;23.7431;88;232;987;17;460;255;257;964;0;462;255;257;964;0;462;44177;60011;57598;50622;144;2;142;144;2;142;259.99999999999091;49.999999999954525
9;0.000932931900024;52;0.00866389274597;8884;0.000514030456543;12;0.00649213790894;4158;42.3355531693;43;6.96032595634;12;0.584365844727;516;0.00138306617737;0.585395097733;4081;4043;38;38;4081;4043;38;38;0;74.748;0;74.748;227;209;1636;53;302;227;209;1641;0;307;227;209;1641;0;307;69314;60733;51291;50481;18;18;0;18;18;0;459.99999999997954;89.999999999974989
14;0.000800132751465;76;0.00476908683777;3492;0.000578880310059;86;0.00678896903992;4043;23.3199629784;66;30.3575479984;68;4.43928694725;4488;0.0215640068054;2.13136792183;3931;3843;88;88;3931;3843;88;88;24.5794;357.376;24.5794;357.376;5;58;1584;279;368;23;61;1660;16;385;23;61;1660;16;385;42565;27366;4546;44787;53;38;15;53;38;15;379.99999999999545;69.999999999993179
15;0.000866174697876;57;0.0103569030762;9984;0.000599145889282;72;0.00358986854553;3506;51.8435690403;47;22.0668289661;8;0.395360946655;376;0.00196385383606;0.457484006882;4648;4408;240;240;4648;4838;190;-190;143.825;319.895;143.825;679.247;132;253;1612;238;680;233;237;1591;9;743;233;237;1512;820;520;53732;29260;29264;18017;121;4;117;121;4;117;509.99999999999091;100.00000000002274
17;0.00212097167969;184;0.00813889503479;8889;0.00099515914917;83;0.00910186767578;6929;133.035875797;102;49.8224918842;73;5.74084687233;7373;0.0576350688934;8.58916401863;3175;3085;90;90;3175;3085;90;90;242.282;169.133;242.282;169.133;130;274;1015;120;477;285;255;1010;0;495;285;255;1010;0;495;27907;51324;7265;47111;144;30;114;144;30;114;370.00000000000455;80.000000000040927
22;0.00177311897278;57;0.00210094451904;2503;0.000555038452148;40;0.0124151706696;11839;12.8689529896;28;44.9800071716;38;0.808842897415;1064;0.00399088859558;1.27256798744;3141;3141;0;0;3141;3141;0;0;18.567;0;18.567;0;79;93;1161;125;508;90;95;1159;125;508;90;95;1159;125;508;71093;13172;18097;21883;14;5;9;14;5;9;330.00000000004093;149.99999999997726
23;0.00156402587891;177;0.00644707679749;6574;0.00103616714478;25;0.0043580532074;3851;94.9735281467;114;10.3971850872;24;0.833647966385;2736;0.0174820423126;1.71273303032;3172;3016;156;156;3172;3016;156;156;211.992;50.0066;205.014;50.0066;174;354;1037;35;355;309;312;1017;0;358;299;310;1019;0;358;51326;14122;26714;55641;180;3;177;180;11;169;350.00000000002274;79.99999999992724
28;0.00102686882019;31;0.0064549446106;5173;0.000652074813843;106;0.00949788093567;7401;16.362005949;31;66.0154540539;79;1.00457000732;2449;0.0105788707733;2.10387706757;3350;3207;143;143;3350;3207;143;143;166.933;146.602;166.933;146.602;70;252;1119;133;475;239;241;1114;0;497;239;241;1114;0;497;47986;8156;40246;58568;182;2;180;182;2;180;259.99999999999091;90.000000000031832
35;0.00194692611694;69;0.00402283668518;2675;0.00141406059265;85;0.0224299430847;17621;16.4758379459;51;128.379000902;81;1.5179297924;4131;0.0206010341644;9.30857396126;3781;3676;105;105;3781;3676;105;105;123.097;115.434;123.097;115.434;109;304;1240;219;474;204;302;1286;0;500;204;302;1286;0;500;32653;28122;44243;39771;195;98;97;195;98;97;319.99999999993634;139.99999999987267
36;0.00240111351013;15;0.00609517097473;5989;0.00071907043457;153;0.0109570026398;9389;11.3261599541;15;118.483443975;141;0.242799043655;2115;0.0121331214905;2.15825796127;2706;2624;82;82;2706;2624;82;82;127.467;166.256;127.467;166.256;61;150;880;133;513;153;144;893;0;532;153;144;893;0;532;54410;31577;24;34072;89;9;80;89;9;80;200.00000000004547;39.99999999996362
39;0.00130200386047;18;0.00651693344116;4576;0.000629186630249;77;0.0189509391785;13662;9.75738883018;14;91.3435189724;38;0.359193086624;532;0.00187301635742;0.905617952347;3914;3476;438;438;3914;3858;56;56;275.654;39.2206;83.9159;39.2206;191;442;1248;49;485;309;355;1128;21;489;251;432;1242;21;489;50887;19380;17140;31111;251;46;205;251;181;70;299.99999999995453;120.00000000011823
